,Album__href,Album__text,Featuring__href,Featuring__text,Produced by__href,Produced by__text,artist,artist_url,featured_artist_ids,lyrics,lyrics_language,primary_artist_id,published,recording_location,release_date,song_id,tags,title,title_with_featured,url
0,,,/songs/2197?_type=artist&api_path=%2Fartists%2F2197&header_image_url=https%3A%2F%2Fimages.genius.com%2F78c8b1c360f02140b018fc9e79fde7c7.1000x281x1.jpg&image_url=https%3A%2F%2Fimages.genius.com%2Fd3c864e3e8edaccf25a66ba49790f4d0.300x300x1.jpg&index_character=f&iq=2739&is_verified=true&name=Future&slug=Future&url=https%3A%2F%2Fgenius.com%2Fartists%2FFuture,"('Future',)",,,Bad Bunny x Future,https://genius.com/artists/Bad-bunny-x-future,[2197],"[""Preview"", ""[Verso 1: Bad Bunny]"", ""Yo Muero Gerriando Como Mussolini (Woo)"", ""Ando Con Spiff En Un Lamborghini"", ""Dicelo Luian Que Hace Tiempo Que Ya Tu Le Metiste A Mimi"", ""Solo Totitos De Television, Por Que Saben Mas Rico"", ""Ando Buscando Putas En Miami Porque Ya Le Di A To'as Las De Puerto Rico (Yhee)"", ""Quiero Bloom, Codeina Con Sprite ?"", ""Las Babys No Se Despegan Pa' Mi Que En El Bicho Tengo Crazy Glue"", ""Blue, Codeina Y Sintrom, Coca Y ?"", ""Nose Que Pu\u00f1eta Yo Pienso Tengo Un Arrebato Cabron"", ""Jangueando Con Mike Miller Y LeBron"", ""Gastando trescientos mil pesos ? ? ?"", ""Diosa Canales En Venezuela"", ""Julia ? En Italia"", ""Y en PR Lo Siento Por Francis Pero Estoy Puesto Pa' Darle A Natalia""]",es,1325634,False,,2018-02-01,3447451,"[""En Espa\u00f1ol"", ""Rap""]",****,**** (Ft. Future),https://genius.com/Bad-bunny-x-future--lyrics
1,https://genius.com/albums/Nerd/No_one-ever-really-dies,"('NO_ONE EVER REALLY DIES',)",,,/songs/110?_type=artist&api_path=%2Fartists%2F110&header_image_url=https%3A%2F%2Fimages.genius.com%2F6bb3ce5bd62c7acfc3a66798c4bbeb26.640x427x1.jpg&image_url=https%3A%2F%2Fimages.genius.com%2Fdbcaf900fdb060b4d8f2feb646a6912f.1000x1000x1.jpg&index_character=p&iq=612&is_meme_verified=true&is_verified=true&name=Pharrell+Williams&slug=Pharrell-williams&url=https%3A%2F%2Fgenius.com%2Fartists%2FPharrell-williams,"('Pharrell Williams',)",N.E.R.D & Future,https://genius.com/artists/Nerd-and-future,[],"[""[Intro: Pharrell Williams]"", ""Ah, ah"", ""(Hey, hey, hey!) Assembling a riot"", ""(Hey, hey, hey!) Chanting and circling the fires"", ""(Hey, hey, hey!) Heard behavior, can\u2019t keep it quiet"", ""(Hey, hey, hey!) Kinetic energy a thousand times higher"", ""[Verse 1: Pharrell Williams]"", ""Holy shit, it\u2019s working, we all got in"", ""Holy shit, it\u2019s working, now look at my friends"", ""Holy shit, it\u2019s working, it\u2019s bitter to the taste"", ""Holy shit, it\u2019s working, we dancin' in place"", ""What goes up must come down"", ""What goes in must come out"", ""You surrounded, dawg, come on, look around"", ""Hey, hey, I was in, but no, not now"", ""Holy shit, it\u2019s working, no more trail of tears"", ""Holy shit, it\u2019s working, the prophecy is here"", ""Holy shit, it\u2019s working, we\u2019re wreckin' this bih"", ""Holy shit, it\u2019s working, one thousand percent"", ""[Chorus: Pharrell Williams]"", ""In the mirror, there\u2019s a hero"", ""One, zero, zero, zero"", ""[Post-Chorus: Future]"", ""Hey, hey, hey! One thousand"", ""Git one thousand"", ""Hunnid, one thousand"", ""Uh, one thousand"", ""[Verse 2: Future]"", ""My girl don\u2019t wear shoes unless they cost over a thousand"", ""Brand new coupe cost couple hundred thousand"", ""Got some models in the bed and they comin' by the thousand"", ""Them young goons never sleep, they somewhere prowlin'"", ""Everywhere we go they tote a chopper by the thousand"", ""Rick Owens boots, I\u2019m walkin' on a few thousand (ay)"", ""Champagne in the club costs thousands"", ""We got gold by the bar, that\u2019s thousands"", ""Ferragamo belt will hit me for a even thousand"", ""We can gamble right now, bet a thousand, shoot a thousand"", ""Count the money up in all hundreds, all thousands"", ""I\u2019m too rich to talk if ye ain't talking thousands"", ""[Chorus: Pharrell Williams]"", ""In the mirror, there\u2019s a hero"", ""One, zero, zero, zero"", ""[Interlude: Pharrell Williams]"", ""Ah, ah"", ""(Hey, hey, hey!) Assembling a riot"", ""(Hey, hey, hey!) Chanting and circling the fires"", ""(Hey, hey, hey!) Heard behavior, can\u2019t keep it quiet"", ""(Hey, hey, hey!) Kinetic energy a thousand times higher"", ""[Verse 3: Pharrell Williams]"", ""Holy shit, it\u2019s working (I\u2019m feeling like a saint)"", ""Holy shit, it\u2019s working (my feel sorry, can\u2019t)"", ""Holy shit, it\u2019s working (we painted our face)"", ""Holy shit, it\u2019s working,"", ""the rainbow angst"", ""[Refrain: Pharrell Williams]"", ""One, zero, zero, zero"", ""One, zero, zero, zero"", ""One, zero, zero, zero"", ""One, zero, zero, zero"", ""[Chorus: Pharrell Williams]"", ""In the mirror, there\u2019s a hero"", ""One, zero, zero, zero"", ""[Bridge: Shay Haley]"", ""Act like you don\u2019t really hear a lot"", ""You can pretend when you are"", ""Karma makes sure tears will drop"", ""You\u2019ll be wishing that your year will stop"", ""It'll be a thousandfold, one, zero, zero, zero, dot"", ""Act like you don\u2019t really hear a lot"", ""You can pretend when you are"", ""Karma makes sure tears will drop"", ""You\u2019ll be wishing that your year will stop"", ""It will be a thousandfold, one, zero, zero, zero, dot"", ""[Refrain: Pharrell Williams]"", ""One, zero, zero, zero"", ""One, zero, zero, zero"", ""One, zero, zero, zero"", ""One, zero, zero, zero"", ""[Chorus: Pharrell Williams]"", ""In the mirror, there\u2019s a hero"", ""One, zero, zero, zero"", ""[Post-Chorus: Future]"", ""Hey, hey, hey! One thousand"", ""Git one thousand"", ""Hunnid, one thousand"", ""Uh, one thousand""]",en,1270464,False,,2017-11-29,3304058,"[""Columbia Records"", ""Pop"", ""Alternative Pop"", ""Funk"", ""R&B"", ""Atlanta"", ""Trap"", ""Rap""]",1000,1000,https://genius.com/Nerd-and-future-1000-lyrics
2,https://genius.com/albums/Future/1000,"('1000',)",,,,,Future,https://genius.com/artists/Future,[],"[""Tracklist"", ""1. Intro"", ""2. Future - Life Of A G"", ""3. All I Want Is Some Money"", ""4.  So Cold"", ""5. Splurge ft. Alley Boy & Young Scooter"", ""6.  Future Speaks"", ""7.   Do It To Em"", ""8. Yeah Yeah  ft. Rocko"", ""9. Just Like I Want"", ""10. Statistics ft. Big Rube"", ""11. All The Time"", ""12.  Notice Me ft. Young Scooter -"", ""13. Everybody"", ""14. Future Speaks"", ""15.  Good Look ft. Tasha"", ""16. Stop Playing"", ""17. Ain Nun  ft. Young Scooter"", ""18.  Future Speaks"", ""19. Future - Like Ohh"", ""Cover Art:""]",en,2197,False,,2012-01-12,2914235,"[""Art Genius"", ""Atlanta"", ""Tracklist + Album Art"", ""Trap"", ""Rap""]",1000 [Tracklist + Cover Art],1000 [Tracklist + Cover Art],https://genius.com/Future-1000-tracklist-cover-art-lyrics
3,https://genius.com/albums/Dj-esco/Project-e-t-esco-terrestrial,"('Project E.T. Esco Terrestrial',)",/songs/130?_type=artist&api_path=%2Fartists%2F130&header_image_url=https%3A%2F%2Fimages.genius.com%2Fdf06090316bb2758d95db407678a840a.880x253x1.jpg&image_url=https%3A%2F%2Fimages.genius.com%2F61dcf3addd02e33b0330113235f8318f.1000x1000x1.jpg&index_character=d&name=Drake&slug=Drake&url=https%3A%2F%2Fgenius.com%2Fartists%2FDrake,"('Drake',)",/songs/23315?_type=artist&api_path=%2Fartists%2F23315&header_image_url=https%3A%2F%2Fimages.genius.com%2F9cf1c40d49b01abdea2d26d74afcfe67.674x960x1.jpg&image_url=https%3A%2F%2Fimages.genius.com%2F4a110ffd7ba648b2d1aef89a0ad7f82e.420x420x1.jpg&index_character=s&iq=100&is_verified=true&name=Southside&slug=Southside&url=https%3A%2F%2Fgenius.com%2Fartists%2FSouthside,"('Southside',)",DJ Esco,https://genius.com/artists/Dj-esco,"[2197, 14325, 130]","[""[Intro: DJ Esco +"", ""Future"", ""]"", ""Summer 16!"", ""Yeah!"", ""Freebandz, OVO"", ""DJ Esco"", ""Talkin' duffle talk, yeah"", ""[Hook: Future +"", ""Drake"", ""]"", ""Hunnit racks bustin' out the wrapper"", ""Hunnit racks bustin' out the wrapper"", ""Hunnit racks bustin' out the wrapper"", ""Hunnit racks bustin' out the wrapper"", ""Got a hunnit racks bustin' out the wrapper"", ""Hunnit racks bustin' out the wrapper"", ""Got a hunnit racks bustin' out the wrapper"", ""And I, I got a..."", ""Got a hunnit racks bustin' out the wrapper"", ""Got a hunnit racks bustin' out the wrapper"", ""Got a hunnit racks bustin' out the wrapper"", ""Got a hunnit racks bustin' out the wrapper"", ""Got a hunnit racks bustin' out the wrapper"", ""Got a hunnit racks bustin' out the wrapper"", ""Got a hunnit racks bustin' out the wrapper"", ""[Verse 1: Drake]"", ""Hunnit racks bustin' out the wrapper"", ""All y'all niggas don't matter"", ""I hit threes off balance"", ""I switch hands like Allen"", ""I'm just blessed, full of talent"", ""For the whole 6 I'm wylin'"", ""You think she your baby girl"", ""She text us like Dallas"", ""Oh shit, guess it don't matter"", ""Talk down on me, I'm flattered"", ""Whole Freebandz on Xanax"", ""Y'all can't do no damage"", ""Wrong cup, guess it don't matter"", ""This one tastes like candy"", ""This one must be Hendrix's"", ""Fuck y'all boys, y'all finished"", ""You're dead"", ""I don't talk to hoes about business"", ""Diamond in my tooth from the dentist"", ""Put a nigga name in the Guinness"", ""Remember when my phone was on minutes"", ""I ain't dead yet like I'm Bruce Willis"", ""I ain't really worried 'bout an image"", ""Y'all still treat it like a scrimmage"", ""[Hook: Future +"", ""Drake"", ""]"", ""And I, I got a..."", ""Hunnit racks bustin' out the wrapper"", ""Hunnit racks bustin' out the wrapper"", ""Hunnit racks bustin' out the wrapper"", ""Hunnit racks bustin' out the wrapper"", ""Got a hunnit racks bustin' out the wrapper"", ""Hunnit racks bustin' out the wrapper"", ""Got a hunnit racks bustin' out the wrapper"", ""I, I got a..."", ""Got a hunnit racks bustin' out the wrapper"", ""Got a hunnit racks bustin' out the wrapper"", ""Got a hunnit racks bustin' out the wrapper"", ""Got a hunnit racks bustin' out the wrapper"", ""Got a hunnit racks bustin' out the wrapper"", ""Got a hunnit racks bustin' out the wrapper"", ""Got a hunnit racks bustin' out the wrapper"", ""[Verse 2: 2 Chainz]"", ""Yeah! Why not? Okay, okay, okay"", ""Truuu! 2 Chainz!"", ""Hundred thousand bustin' out the wrapper"", ""Count it up 'til I get a callous"", ""I don't really talk to y'all rappers"", ""Put codeine in a Snapple"", ""Put codeine on a salad"", ""Guess I'm on a codeine diet"", ""Put another hundred in the rifle"", ""Everybody better be quiet"", ""Everybody put your hands higher"", ""Then I chop the top like, \""Hiyah\"""", ""All of my 16s fire"", ""All of my bitches buyers"", ""They buyin' extra clothes, I mean"", ""They bisexual, I mean"", ""Versace sectional, I mean"", ""Roll up the Texaco, I mean"", ""This is the crazy flow"", ""I got a straightjacket in the booth"", ""I smoke a joint durin' an interview"", ""Got the Rolex playin' peek-a-boo"", ""All of you niggas that took the swag"", ""I'ma have to get residuals"", ""I'm a different individual"", ""Got my hand on my genitals"", ""[Hook: Future +"", ""Drake"", ""]"", ""I got a..."", ""Hunnit racks bustin' out the wrapper"", ""Hunnit racks bustin' out the wrapper"", ""Hunnit racks bustin' out the wrapper"", ""Hunnit racks bustin' out the wrapper"", ""Got a hunnit racks bustin' out the wrapper"", ""Hunnit racks bustin' out the wrapper"", ""Got a hunnit racks bustin' out the wrapper"", ""And I, I got a..."", ""Got a hunnit racks bustin' out the wrapper"", ""Got a hunnit racks bustin' out the wrapper"", ""Got a hunnit racks bustin' out the wrapper"", ""Got a hunnit racks bustin' out the wrapper"", ""Got a hunnit racks bustin' out the wrapper"", ""Got a hunnit racks bustin' out the wrapper"", ""Got a hunnit racks bustin' out the wrapper"", ""[Verse 3: Future]"", ""We ain't gotta use no scale"", ""It's all there, you ain't gotta count it"", ""Crocodile Herm\u00e8s bag"", ""Stuffed all down my pockets"", ""Hundred racks sittin' in the plastic"", ""I ain't gon' even fuckin' touch it"", ""You can go ask L.A"", ""I don't go to work on budgets"", ""You can go check these stones"", ""Everything on me flooded"", ""And I gotta work three phones"", ""Name another nigga gettin' cloned"", ""Put a hoe nigga on a shirt"", ""Got a new bank account alert"", ""Whole Freebandz on mud"", ""Taliban gang on percs"", ""I ain't gonna take no shorts"", ""Turn my dog to a boss"", ""We ain't gon' take no losses"", ""Know you tryna steal that sauce"", ""Hundreds on hundreds on hundreds"", ""I done ran up me a bag"", ""We got a tour this summer"", ""I'm 'bout to run up a bag"", ""Hundred thousand dollars for a walkthrough"", ""I'ma need mine in cash"", ""Got a whole city on my back"", ""I ain't 'bout to go out sad"", ""Whole Freebandz on coke"", ""[Hook: Future +"", ""Drake"", ""]"", ""Hunnit racks bustin' out the wrapper"", ""Hunnit racks bustin' out the wrapper"", ""Hunnit racks bustin' out the wrapper"", ""Hunnit racks bustin' out the wrapper"", ""Got a hunnit racks bustin' out the wrapper"", ""Hunnit racks bustin' out the wrapper"", ""Got a hunnit racks bustin' out the wrapper"", ""And I, I got a..."", ""Got a hunnit racks bustin' out the wrapper"", ""Got a hunnit racks bustin' out the wrapper"", ""Got a hunnit racks bustin' out the wrapper"", ""Got a hunnit racks bustin' out the wrapper"", ""Got a hunnit racks bustin' out the wrapper"", ""Got a hunnit racks bustin' out the wrapper"", ""Got a hunnit racks bustin' out the wrapper""]",en,49470,False,,2016-06-24,2688225,"[""Genius Canada"", ""Rap""]",100it Racks,"100it Racks (Ft. 2 Chainz, Drake & Future)",https://genius.com/Dj-esco-100it-racks-lyrics
4,https://genius.com/albums/Shreddder/Private-poom,"('PRIVATE POOM',)",,,/songs/28455?_type=artist&api_path=%2Fartists%2F28455&header_image_url=https%3A%2F%2Fimages.genius.com%2F8cbe12278264acaf46b738ccdd88229e.1000x1000x1.jpg&image_url=https%3A%2F%2Fimages.genius.com%2F3d77f1d53e8ebbadb4c77505462b0e07.633x633x1.jpg&index_character=c&name=CashMoneyAP&slug=Cashmoneyap&url=https%3A%2F%2Fgenius.com%2Fartists%2FCashmoneyap,"('CashMoneyAP',)",Future,https://genius.com/artists/Future,[],"[""---""]",ru,2197,False,,2018-01-20,3447185,"[""Rap""]",123,123,https://genius.com/Future-123-lyrics
5,,,/songs/1398232?_type=artist&api_path=%2Fartists%2F1398232&header_image_url=https%3A%2F%2Fassets.genius.com%2Fimages%2Fdefault_avatar_300.png%3F1525812922&image_url=https%3A%2F%2Fassets.genius.com%2Fimages%2Fdefault_avatar_300.png%3F1525812922&index_character=n&name=N%C3%A3o+sou+rapper+de+punchlines+sou+rapper+a+s%C3%A9rio&slug=Nao-sou-rapper-de-punchlines-sou-rapper-a-serio&url=https%3A%2F%2Fgenius.com%2Fartists%2FNao-sou-rapper-de-punchlines-sou-rapper-a-serio,"('Não sou rapper de punchlines sou rapper a sério',)",/songs/1398233?_type=artist&api_path=%2Fartists%2F1398233&header_image_url=https%3A%2F%2Fassets.genius.com%2Fimages%2Fdefault_avatar_300.png%3F1525812922&image_url=https%3A%2F%2Fassets.genius.com%2Fimages%2Fdefault_avatar_300.png%3F1525812922&index_character=p&name=Paulo+Parreira&slug=Paulo-parreira&url=https%3A%2F%2Fgenius.com%2Fartists%2FPaulo-parreira,"('Paulo Parreira',)",9 Miller,https://genius.com/artists/9-miller,[1398232],"[""[Verso 1]"", ""Brancas, brancas, Clara"", ""[Verso 2]"", ""Nigga""]",es,1011864,False,,,3536550,"[""En Espa\u00f1ol"", ""Rap""]",1 pac 2 pac 3 pac 4,1 pac 2 pac 3 pac 4 (Ft. Não sou rapper de punchlines sou rapper a sério),https://genius.com/9-miller-1-pac-2-pac-3-pac-4-lyrics
6,https://genius.com/albums/Future-and-young-thug/Super-slimey,"('SUPER SLIMEY',)",,,/songs/1067866?_type=artist&api_path=%2Fartists%2F1067866&header_image_url=https%3A%2F%2Fassets.genius.com%2Fimages%2Fdefault_avatar_300.png%3F1525812922&image_url=https%3A%2F%2Fassets.genius.com%2Fimages%2Fdefault_avatar_300.png%3F1525812922&index_character=t&name=TrePounds&slug=Trepounds&url=https%3A%2F%2Fgenius.com%2Fartists%2FTrepounds,"('TrePounds',)",Future & Young Thug,https://genius.com/artists/Future-and-young-thug,[],"[""[Intro: Young Thug]"", ""Everything right"", ""Everything right"", ""Everything right"", ""Everything right"", ""All these niggas"", ""Everything right, we rockin' Givenchy"", ""I only drink Actavis, I'm on a diet"", ""I'ma chase it like Usain"", ""All this money bring a nigga new pain (woah, woah, woah)"", ""Yeah, yeah"", ""[Chorus: Young Thug]"", ""I got at least 200 hoes"", ""Fresh to death, and I leave my car and then I doze"", ""Up and down and you ain't receive nothin' 'bout this dough"", ""And these hundreds ain't goin' nowhere like a mole"", ""[Verse 1: Young Thug]"", ""I bought my moms a car, it felt amazin'"", ""My niggas bang in burgundy like the Redskins"", ""I got all type of tattoos on my fuckin' shin"", ""I was in a white and red Maybach like peppermints"", ""I've been blown a mil' on jewelry, but it's past tense"", ""Super charge it, make it sound like it's raggly"", ""I'm ridin' with the cutter, I'm Blood like my brothers and MAC 10"", ""Diamonds on me talkin', they harassin'"", ""No shoulda, coulda, woulda, I got these racks in"", ""Came a long way from a shed"", ""Now we spend millions on cribs"", ""You'll get somethin' too, don't trip!"", ""My eyes 'bout low as a brim"", ""I smoke the tree limb, tree limb"", ""No gang, big deal"", ""[Verse 2: Future]"", ""I'm tryna pop a wheelie in a Lamborghini, standin' on two wheels"", ""I got the racks on me, now I can buy me a cruise ship"", ""I just got an iPhone 8 and already stored it with 200 hoes"", ""You can smell the money on me, it comes from off m"", ""y clothes"", ""Majority of my fits I wear? yeah, are"", ""never found in stores"", ""You might as well gon', gon', gon' home"", ""Money long, long, long, long"", ""All the way up to Mercury"", ""Any time I come out, gotta at least step out with a three piece"", ""I've been in my bag lately"", ""Take three drugs at once, lately"", ""Got every shade of Tom Ford, I can spot fugazi"", ""I came out the slums, I"", ""Got Hermes in a headlock"", ""If she ain't up to parrrr, she 'bout to get dead docked"", ""Between my diamonds and my fame, became so anxious"", ""I sit at the top of the throne, yeah, 'cause I'm righteous"", ""Got a few"", ""Vice Lords"", ""for some friends, some of 'em"", ""Disciples"", ""And can't nothin' come between niggas like us"", ""[Chorus: Young Thug]"", ""I got at least 200 hoes"", ""Fresh to death, and I leave my car and then I doze"", ""Up and down you ain't receive nothin' 'bout this dough"", ""And these hundreds ain't goin' nowhere like a moat""]",en,989960,False,,2017-10-20,3280975,"[""YSL"", ""Atlantic Records"", ""300 Entertainment"", ""Epic Records"", ""Atlanta"", ""Trap"", ""Rap""]",200,200,https://genius.com/Future-and-young-thug-200-lyrics
7,,,/songs/1369910?_type=artist&api_path=%2Fartists%2F1369910&header_image_url=https%3A%2F%2Fassets.genius.com%2Fimages%2Fdefault_avatar_300.png%3F1525812922&image_url=https%3A%2F%2Fassets.genius.com%2Fimages%2Fdefault_avatar_300.png%3F1525812922&index_character=t&name=Top15s&slug=Top15s&url=https%3A%2F%2Fgenius.com%2Fartists%2FTop15s,"('Top15s',)",,,FlyingKitty,https://genius.com/artists/Flyingkitty,"[1410730, 663562, 1369910, 2197, 1400492, 1401178, 1033670, 516602, 71151, 68220, 664679]","[""[Intro: Keemstar]"", ""Yo"", ""I'm about to DIE"", ""*cough*"", ""Walked in the woods"", ""[Papa bear]"", ""TOUCHA SPAGHETA"", ""TOUCHA SPAGHETA"", ""[Keemstar]"", ""Walked in the woods"", ""(Deez Nuts)"", ""Found a dead meme (click)"", ""Found a dead meme (click)"", ""[PewDiePie]"", ""Can you do this?"", ""[Keemstar]"", ""Found a dead meme (click)"", ""Found a dead meme (click)"", ""Walked in the woods (click) (click)"", ""[Rob Gronkowski]"", ""Wanna eat tide pods"", ""Wanna eat tide pods"", ""[Bazzi]"", ""You so fuckin precious when you smile"", ""Hit it from the back and drive you wild"", ""[PewDiePie]"", ""Iso pods"", ""[Knuckles]"", ""Do you know da way?"", ""You have to have ebo-"", ""[Keemstar]"", ""Walked in the woods"", ""Found a foot lettuce"", ""Found a number 15"", ""[Carlos Matos]"", ""Bitconneeeeeeeeeeeeeeee"", ""[PewDiePie]"", ""Three-Ninety-Nine"", ""[Papa Bear]"", ""You break the face and you toucha the body"", ""[Big Man Tyrone]"", ""Ur mom gay"", ""[Future]"", ""La di da di da"", ""Slob on my knob"", ""Chitty chitty bang"", ""Murda everything"", ""[Top15s]"", ""Last thing you'd want"", ""Is a Burger King foot"", ""(Jagan Paul)"", ""[Papa Bear]"", ""You eata spagheta"", ""[Carlos Matos]"", ""Bitconeeee"", ""Bit-Bitconeeeeeeeeeeee"", ""What?"", ""(click)"", ""[Bazzi]"", ""I just had to let you know you're"", ""[Papa Bear]"", ""GAY"", ""(Idubbbz: gay)""]",en,1147008,False,,2018-02-20,3543391,"[""Pop"", ""YouTube""]",2018 In a Nutshell So far...,"2018 In a Nutshell So far... (Ft. Bazzi, Big Man Tyrone, Carlos Matos, Future, ​iDubbbz, Keemstar, Knuckles, Papa-Bear, PewDiePie, Rob Gronkowski & Top15s)",https://genius.com/Flyingkitty-2018-in-a-nutshell-so-far-lyrics
8,https://genius.com/albums/Big-bank-black/King-of-the-jungle,"('King Of The Jungle',)",/songs/2197?_type=artist&api_path=%2Fartists%2F2197&header_image_url=https%3A%2F%2Fimages.genius.com%2F78c8b1c360f02140b018fc9e79fde7c7.1000x281x1.jpg&image_url=https%3A%2F%2Fimages.genius.com%2Fd3c864e3e8edaccf25a66ba49790f4d0.300x300x1.jpg&index_character=f&iq=2739&is_verified=true&name=Future&slug=Future&url=https%3A%2F%2Fgenius.com%2Fartists%2FFuture,"('Future',)",/songs/339721?_type=artist&api_path=%2Fartists%2F339721&header_image_url=https%3A%2F%2Fimages.genius.com%2F638f5e8f7ee2d6411023bbd7718449ec.1000x1000x1.jpg&image_url=https%3A%2F%2Fimages.genius.com%2F17d4dc0d92c679061cf39476565b1511.901x901x1.jpg&index_character=w&name=Wheezy&slug=Wheezy&url=https%3A%2F%2Fgenius.com%2Fartists%2FWheezy,"('Wheezy',)",Big Bank Black,https://genius.com/artists/Big-bank-black,[2197],"[""[Intro: Future]"", ""Don't let this lean hold you back from your full potential"", ""She said your'e the smartest person I've ever bumped into"", ""Super"", ""[Hook: Future]"", ""I got these checks on my mind, it's on my mental"", ""I got two Bentley different kinds, they look identical"", ""I put in a certain amount of time, now I'm a general"", ""I can vividly see the day I was going in 'em"", ""I'm talking 25 squares and a rental"", ""You got a million on you, I might kill ya"", ""I can't go back to finessin', it's detrimental"", ""They showed me the billion dollar recipe and I remember"", ""[Verse 1: Big Bank Black]"", ""Came up, fucked up, living like a savage"", ""Watch my pops give up turn to a addict"", ""OG's in front the store frontin' niggas package"", ""White powder turn to blow, I thought I seen magic"", ""Bought a 50 dollar slap, now it's Big Bank Escobar"", ""These hoes really up for grab when you having some"", ""They thought I wouldn't succeed but I veni, vidi, vici"", ""Only time a nigga love you, when he begging or he need you"", ""Made myself a boss, a billion dollar mind"", ""Zone 6, living lavish big bank a rare kind"", ""Duct Tape, that's the mob that's my whole spine"", ""My nigga Pluto, Freebandz but we the same kind"", ""[Hook: Future]"", ""I got these checks on my mind, it's on my mental"", ""I got two Bentley different kinds, they look identical"", ""I put in a certain amount of time, now I'm a general"", ""I can vividly see the day I was going in 'em"", ""I'm talking 25 squares and a rental"", ""You got a million on you, I might kill ya"", ""I can't go back to finessin', its detrimental"", ""They showed me the billion dollar recipe and I remember"", ""[Verse 2: Future]"", ""I poured a little baking soda and more xan's"", ""You bett' not let them hollowtips touch your hands"", ""You see I came up and I blew out like a fan"", ""I watch my man's turn his back when I expanded"", ""Flipping that raw raw it came in a casket"", ""We on the Southside lil woadie 'bout to blast it"", ""And I knew, I knew when I was on that corner I wasn't average"", ""Sometime I like to post up"", ""Take the styrofoam and toast up"", ""You know damn well these niggas below us"", ""I made the right moves just listening to my instincts"", ""I got my Pirus, my Grave street niggas with me"", ""[Hook: Future]"", ""I got these checks on my mind, it's on my mental"", ""I got two Bentley different kinds, they look identical"", ""I put in a certain amount of time, now I'm a general"", ""I can vividly see the day I was going in 'em"", ""I'm talking 25 squares and a rental"", ""You got a million on you, I might kill ya"", ""I can't go back to finessin' it's detrimental"", ""They showed me the billion dollar recipe and I remember""]",en,35993,False,,2017-01-30,2970725,"[""Rap""]",25 Squares,25 Squares (Ft. Future),https://genius.com/Big-bank-black-25-squares-lyrics
9,https://genius.com/albums/Future/Monster,"('Monster',)",,,/songs/45255?_type=artist&api_path=%2Fartists%2F45255&header_image_url=https%3A%2F%2Fimages.genius.com%2Ff51f038710d0c1c5ef2d572c9a42da64.400x400x1.jpg&image_url=https%3A%2F%2Fimages.genius.com%2Ff51f038710d0c1c5ef2d572c9a42da64.400x400x1.jpg&index_character=n&name=Nard+%26+B&slug=Nard-and-b&url=https%3A%2F%2Fgenius.com%2Fartists%2FNard-and-b,"('Nard & B',)",Future,https://genius.com/artists/Future,[],"[""[Hook: Future]"", ""I got a bandana 'round my head, like I'm 2Pac"", ""My little brother, he ain't scared, he got two Glocks"", ""Put some blonde in my dreads, I went too pop"", ""My young nigga, he gon' shoot you for a tear drop"", ""A bandana 'round my head, like I'm 2Pac"", ""My lil' cousin duckin' feds, ridin' with two choppas"", ""And when you matchin' head to toe, they say you too fly"", ""Got a bandana 'round my head, like I'm 2pac"", ""[Verse 1: Future]"", ""Got a bandana 'round my head screaming thug life"", ""I get faded off them Xans and a muddy drink"", ""Got a bandana round my head, like I\u2019m Soulja"", ""Keep that choppa on a nigga, like Magnolia"", ""Put some blonde in my dread, I went to pop"", ""For my brother 16th birthday, bought him a new Glock"", ""These niggas taking off your head for a new watch"", ""My young nigga, he ain\u2019t scared, he want a new body"", ""I done fucked around and cashed out on some new exotics"", ""Bitch ain\u2019t never speak, now englo, I went too tropic"", ""Tie bandana \u2018round my head, like I\u2019m Birdie"", ""I left my dope with my grandma, had her servin'"", ""[Hook]"", ""I got a bandana 'round my head, like I'm 2Pac"", ""My little brother, he ain't scared, he got two Glocks"", ""Put some blonde in my dreads, I went to pop"", ""My young nigga, he gon' shoot you for a tear drop"", ""A bandana 'round my head, like I'm 2Pac"", ""My lil' cousin duckin' feds, ridin' with two choppas"", ""And when you matchin' head to toe, they say you too fly"", ""Got a bandana 'round my head, like I'm 2pac"", ""[Verse 2: Future]"", ""These hood bitches loving a nigga, like I'm Alpo"", ""My lil' cousin got that yoppa on him and he broke"", ""Got designer on my collar, like I'm Bon Jovi"", ""I got all these problems, I just bought a bunch of doddi"", ""These niggas killing everybody's bitches, fuck that dirty pussy"", ""These niggas ain't used to no pimping, they gon' pay for pussy"", ""Got that bandana 'round my head like a rebel boy"", ""All this molly in my system, I can see the devil"", ""And I\u2019m playin' round wit' these presidents"", ""Still tote a one-hundred round wit' a felony"", ""Keep a few kilos on me nephew, these links on me, they cuban"", ""Got banana clips on banana clips, on banana clips"", ""[Hook]"", ""I got a bandana 'round my head, like I'm 2Pac"", ""My little brother, he ain't scared, he got two Glocks"", ""Put some blonde in my dreads, I went to pop"", ""My young nigga, he gon' shoot you for a tear drop"", ""A bandana 'round my head, like I'm 2Pac"", ""My lil' cousin duckin' feds, ridin' with two choppas"", ""And when you matchin' head to toe, they say you too fly"", ""Got a bandana 'round my head, like I'm 2pac""]",en,2197,False,,2014-10-28,559320,"[""Trap"", ""Atlanta"", ""Rap""]",2Pac,2Pac,https://genius.com/Future-2pac-lyrics
10,https://genius.com/albums/Travis-scott/Rodeo,"('Rodeo',)",/songs/2197?_type=artist&api_path=%2Fartists%2F2197&header_image_url=https%3A%2F%2Fimages.genius.com%2F78c8b1c360f02140b018fc9e79fde7c7.1000x281x1.jpg&image_url=https%3A%2F%2Fimages.genius.com%2Fd3c864e3e8edaccf25a66ba49790f4d0.300x300x1.jpg&index_character=f&iq=2739&is_verified=true&name=Future&slug=Future&url=https%3A%2F%2Fgenius.com%2Fartists%2FFuture,"('Future',)",/songs/12802?_type=artist&api_path=%2Fartists%2F12802&header_image_url=https%3A%2F%2Fimages.genius.com%2Fc68943156c4a48500e6ce602aeb1853a.1000x666x1.jpg&image_url=https%3A%2F%2Fimages.genius.com%2Faefe724b90685733e878007fc71a1c01.1000x1000x1.jpg&index_character=m&iq=142&is_verified=true&name=Mano&slug=Mano&url=https%3A%2F%2Fgenius.com%2Fartists%2FMano,"('Mano',)",Travis Scott,https://genius.com/artists/Travis-scott,"[14325, 2197]","[""[Intro: Future]"", ""Bandana wrapped-wrapped 'round your head"", ""The bandana wrapped 'round your head"", ""Fuck niggas, they scared"", ""Ain't nobody triller than me"", ""Ain't nobody triller than Scott"", ""Ain't nobody trill, man, I'm takin' they spot"", ""These niggas is scared"", ""[Hook: Travis Scott]"", ""30's in the city movin' slow"", ""30 30 3,500 for the coat"", ""Only real niggas keep you float"", ""Only trill niggas I know"", ""Only trill niggas I know"", ""Only trill niggas I know"", ""Only trill niggas I know"", ""Only trill niggas I know"", ""[Verse 1: Travis Scott]"", ""Ladies order up the champagne, a whole lot of it"", ""Painkillers, ain't got backpain, know you gotta love it"", ""Tens out in NY, they in my hallways, I got a lobby of 'em"", ""Up and Down with Chase, Monday nights, we made a hobby of it"", ""Still down with the same dogs, man, they never loved us"", ""Gave my niggas all gold chains to remind me of it"", ""We're still holdin' that old thing, tryna rob me of it"", ""One time for the trill bitches that'll let me touch it"", ""I'm papi though, they get it poppin' with me when I'm out in public"", ""Flyin' through, I got a young 'Yonc\u00e9 with a Iggy on her"", ""Me and Metro do the same drugs, got a lot of it"", ""All these cups and damn, all these hoes, these niggas up to somethin'"", ""Touch down out in H-Town, there it might get ugly"", ""It's trill niggas, where it's trill niggas, a whole army of 'em"", ""I run the check up, I'm a hot nigga, don't turn my 'countant on me"", ""Free Rowdy Rowdy, free Bobby Bobby, them the Shmurda homies"", ""Good lord! (Good lord!)"", ""[Hook: Travis Scott]"", ""30's in the city movin' slow"", ""30 30 3,500 for the coat"", ""Only real niggas keep you float"", ""Only trill niggas I know"", ""Only trill niggas I know"", ""Only trill niggas I know"", ""Only trill niggas I know"", ""Only trill niggas I know"", ""30's in the city movin' slow"", ""30 30 3,500 for the coat"", ""Only real niggas keep you float"", ""Only trill niggas I know"", ""Only trill niggas I know"", ""Only trill niggas I know"", ""Only trill niggas I know"", ""Only trill niggas I know"", ""[Verse 2: Future]"", ""Smoke with me, drank with me, lean like I'm Clark"", ""Copping a Wraith then I throw it in park"", ""You niggas some marks and you ain't got no heart"", ""I know lil one gon come with that A and that R"", ""(Only trill niggas I know)"", ""I know lil one gon come with that A and that R"", ""I'm counting, I'm dripping, I'm fiending"", ""I'm not from this planet, I was abandoned"", ""Trill niggas real niggas popping them pill niggas"", ""Stack up a mil nigga like it's a lil nigga"", ""This for the one who's gon' load up that K for me"", ""This for the ones that ran off and didn't wait on me"", ""This for the niggas that ran off and didn't wait on me"", ""This for you, bitch, you ran off and didn't wait on me"", ""(Only trill niggas I know)"", ""Hood nigga, fuck all that red carpet shit"", ""Hood nigga, I fuck a red carpet bitch"", ""I put a Rolls and a Royce on my wrist"", ""You can smell promethazine when I piss"", ""I pray to God he bring me Actavis"", ""Ain't nobody triller than Metro, ain't nobody triller than Scooter"", ""Hop on the private, I do it, take all the mollies, I do it"", ""The Bentley put up with no mileage, I do it"", ""These Styrofoams with me legitimate"", ""I'm proudly downing these Percocets"", ""We just want to be stoners lately, I've been on, on, on"", ""This money an option, this weed is an option, this lean is an option"", ""Your bitch is an option, her bitch is an option"", ""I send them through auctions"", ""You paying that price for that punani"", ""This gold on my neck is a new Grammy"", ""[Hook: Travis Scott]"", ""30's in the city movin' slow"", ""30 30 3,500 for the coat"", ""Only real niggas keep you float"", ""Only trill niggas I know"", ""Only trill niggas I know"", ""Only trill niggas I know"", ""Only trill niggas I know"", ""Only trill niggas I know"", ""30's in the city movin' slow"", ""30 30 3,500 for the coat"", ""Only real niggas keep you float"", ""Only trill niggas I know"", ""Only trill niggas I know"", ""Only trill niggas I know"", ""Only trill niggas I know"", ""Only trill niggas I know"", ""[Verse 3: 2 Chainz]"", ""My bathtub the size of swimming pools"", ""Backstroke to my children room"", ""Maybach in the living room"", ""I spent racks on these tennis shoes"", ""Niggas know what I'm finna do"", ""Time for me to put the mink up"", ""Forgiattos on the Brinks truck"", ""My favorite rapper drove a pink truck (Killa!)"", ""I do shit that you dreamed of"", ""I was born with a mean mug"", ""I was born with some nappy hair"", ""Drinkin' breast milk out a lean cup"", ""Tity Boi's my alias"", ""Real niggas my radius"", ""Trill niggas on the song with me"", ""If she bad as hell I'll pay the babysitter"", ""(I will!)"", ""In a black Mercedes with her"", ""Doin' about 180 with her"", ""I was born a hustler, paraphernalia in my baby pictures"", ""Resident all elegant, leather shit in my front yard"", ""TV by my swimming pool, got that built like a sports bar"", ""Chevelle with a new motor, got the bitch like a sports car"", ""Yeah, my name is Tity Boi,"", ""I don't fuck with hoes that wear sports bras"", ""(Nah!)"", ""Crib bigger than your imagination"", ""Call the trap house the gas station"", ""Call momma's house the Jag station"", ""Emoji, sad faces"", ""Look at these niggas"", ""I need to buy pocketbooks for these niggas"", ""[Hook: Travis Scott]"", ""30's in the city movin' slow"", ""30 30 3,500 for the coat"", ""Only real niggas keep you float"", ""Only trill niggas I know"", ""Only trill niggas I know"", ""Only trill niggas I know"", ""Only trill niggas I know"", ""Only trill niggas I know"", ""30's in the city movin' slow"", ""30 30 3,500 for the coat"", ""Only real niggas keep you float"", ""Only trill niggas I know"", ""Only trill niggas I know"", ""Only trill niggas I know"", ""Only trill niggas I know"", ""Only trill niggas I know"", ""[Bridge: Future]"", ""Ain't nobody triller than me, ain't nobody triller than Scott"", ""Ain't nobody trill man, I'm takin' their spot, we ride on a yacht"", ""Ain't nobody triller than Metro, ain't nobody triller than Scooter"", ""Ain't nobody triller, I knew it, ain't nobody triller, we knew it"", ""Pour up in H-Town, them niggas don't play 'round like Jas and Jr"", ""(Only real niggas keep it float)"", ""Say fuck all the rumors, say fuck all the rumors"", ""(Only trill niggas I know)"", ""Say fuck all the rumors, say fuck all the rumors"", ""(Only trill niggas I know)"", ""Say fuck all the rumors, say fuck all the rumors"", ""[Hook: Travis Scott]"", ""30's in the city movin' slow"", ""30 30 3,500 for the coat"", ""Only real niggas keep you float"", ""Only trill niggas I know"", ""Only trill niggas I know"", ""Only trill niggas I know"", ""Only trill niggas I know"", ""Only trill niggas I know""]",en,20185,True,,2015-06-08,2027385,"[""G.O.O.D. Music"", ""Grand Hustle"", ""Epic Records"", ""Fashion Genius"", ""Houston"", ""Atlanta"", ""Trap"", ""Rap""]",3500,3500 (Ft. 2 Chainz & Future),https://genius.com/Travis-scott-3500-lyrics
11,https://genius.com/albums/Logic/Bobby-tarantino-ii,"('Bobby Tarantino II',)",,,/songs/49286?_type=artist&api_path=%2Fartists%2F49286&header_image_url=https%3A%2F%2Fimages.genius.com%2F1069a7fddc4ed9edb2510079b8277e35.1000x1000x1.jpg&image_url=https%3A%2F%2Fimages.genius.com%2F1069a7fddc4ed9edb2510079b8277e35.1000x1000x1.jpg&index_character=0&iq=279&is_verified=true&name=6ix&slug=6ix&url=https%3A%2F%2Fgenius.com%2Fartists%2F6ix,"('6ix',)",Logic,https://genius.com/artists/Logic,[],"[""[Verse]"", ""Ayy, bitch, I've been goin' and goin' like the Energizer"", ""Yeah, I'm supplyin' the wood like Elijah"", ""In the cut, smokin' on indica"", ""Might fuck around and compartmentalize ya"", ""They say, they say life is a bitch"", ""And if that is the case then I'm finna surprise her"", ""No, I am not an adviser, but I do advise ya"", ""To pay attention, never need to mention"", ""I'm that motherfucker bustin' heads"", ""Finna push it to the ledge"", ""Yeah, I been smokin' my meds"", ""Ain't got no love for the feds"", ""Can't let fame go to yo head"", ""Fuck with me, watch where you tread"", ""I'm finna kill it instead"", ""I'm finna, I'm finna, I'm finna"", ""Do it, do it, do it like I never done it"", ""And I wanna run it and I wanna keep it goin' and goin'"", ""Like infinity, be the only entity to ever rip it apart"", ""From the start like this, from the heart like this"", ""Finna murder it, a million miles a minute, no nitrous"", ""Doin' righteous"", ""I-I been, I-I-I been down this road before"", ""Everybody think that they do but they don't"", ""Swear to God that they would but they won't"", ""Spittin' riddles in the middle of a past-time"", ""Me in my mind, feelin' divine, like yeah"", ""Finna get it like yeah\u2014yeah"", ""Like yeah, like yeah (woo, woo, woo, woo)"", ""I done made 20 million dollars (preach)"", ""I don't flex to be acknowledged (preach)"", ""At this point it's common knowledge (preach)"", ""All you haters been abolished (preach)"", ""You in the club throwin' dollars, but I'm savin' mine so my kids go to college (preach)"", ""Or maybe whatever they wanna do (preach)"", ""Just as long as they never say (preach)"", ""\""Daddy blew 20 million dollars (ayy)"", ""He had to flex to be acknowledged (ayy)"", ""He in the club throwin' dollars"", ""And now cannot afford to send me to college (ayy)"", ""Daddy just wanna be loved"", ""Just like everybody wanna be accepted (ayy)"", ""But somehow he had neglected"", ""Me and my momma for all of this rap shit\"" (ayy)"", ""No, I cannot fuck with that shit (ayy)"", ""No, I cannot fuck with that"", ""Who you know dropped an album"", ""Back to back to back to back to back to back again?"", ""I'm back again to snap again"", ""And goddamnit, it ain't no other way around it"", ""Yeah, it's happenin', 'cause I've been livin' in a world on my own"", ""Leave me alone, I'm in the zone"", ""Where I've been prone to destroy shit"", ""You cannot avoid this, whack mothafuckas have annoyed this"", ""Yes, you know I enjoy this"", ""Preach, mothafuckin' preach"", ""Yeah, I'm tryna reach everybody in the streets"", ""Writin' words to the beats"", ""Each one teach one, yeah, I'm tryna reach one"", ""Who the beast one?"", ""That be me, on the top to the East one"", ""Tell me how you really wanna do it right now, time to murder this"", ""Shout out everybody, no fuckin' around, ain't heard of this"", ""Heard of us, we ain't goin' nowhere, it's a herd of us"", ""Hold up, roll up"", ""Levitated like I'm David Blaine"", ""Livin' a dream like I'm David Aames"", ""Talk all you want, we are not the same"", ""Step in the spot, now they know the name"", ""Sold more albums my first week than Harry Styles and Katy Perry"", ""If that ain't a sign of the times"", ""Then I don't know what is, man this shit is scary"", ""'Cause bitch, I've been blowin' up like C-4"", ""And I'm 3 for 3 like a free throw"", ""Anybody hatin' on the boy, take a step back and then deep-throat"", ""Now my phone blowin' up like ring"", ""Like ring, ring, ring, ring, ring, ring, ring, ring, ring, ring, ring!"", ""That Kevin Durant, I'm a champion"", ""Check the numbers, I'm a champion"", ""Can't sleep on the boy anymore"", ""But the haters that love to hate gon' pop an Ambien"", ""Star Lord, champion"", ""Know the name, now they know the alias, that's for sure"", ""Gave 'em 44, now here's 44 more""]",en,7922,False,Silverstein Eye Centers Arena,2018-02-23,3542151,"[""Universal"", ""Trap"", ""DMV"", ""VMG"", ""Def Jam"", ""Rap""]",44 More,44 More,https://genius.com/Logic-44-more-lyrics
12,https://genius.com/albums/Future-and-young-thug/Super-slimey,"('SUPER SLIMEY',)",,,/songs/37120?_type=artist&api_path=%2Fartists%2F37120&header_image_url=https%3A%2F%2Fimages.genius.com%2F91bfc86e17b3981a17af68389e59b447.1000x1000x1.jpg&image_url=https%3A%2F%2Fimages.genius.com%2F959524fd9755b6a0906d65d899bf2941.661x661x1.jpg&index_character=f&iq=100&is_verified=true&name=Fuse+100+of+808+Mafia&slug=Fuse-100-of-808-mafia&url=https%3A%2F%2Fgenius.com%2Fartists%2FFuse-100-of-808-mafia,"('Fuse 100 of 808 Mafia',)",Future,https://genius.com/artists/Future,[],"[""[Intro]"", ""I get big high"", ""This for big guy, yeah"", ""Yeah, Firk, got you"", ""Woo, yeah"", ""[Verse 1]"", ""We don't ever stop at red lights at night, nigga (Nah!)"", ""We don't ever stop at red lights at night, nigga (No!)"", ""Two letters, a P and a J, for all my flights, nigga (Private jet!)"", ""Two letters, a P and a J, for all my flights, nigga (I'm on a bird)"", ""I'm drinking a fifth a day, and I'm rocking my ice, nigga"", ""You see my plain Patek, cost Jerry Rice, nigga"", ""I spent over 80k, just last night, nigga"", ""Death can't get in my way"", ""Don't believe the hype, nigga"", ""Now myself impeccable, and I'm so precise, nigga"", ""It can be in the day time, we don't stop at the light, nigga"", ""When I woke up at noon, I had went past the moon (Pluto!)"", ""Got a seven car garage (seven car garage), I done ran out of room"", ""Everything over a quarter, Audemar on my daughter (Audemar!)"", ""She rocking her third Rolley, I can't help but spoil her (She is spoiled!)"", ""I was born a drug TASK, when my mom gave birth (When my Mama gave birth!)"", ""I used to show up in class, on Tues and Thursday's (On Tues and Thursday's!)"", ""Go check my profile, I beat the verdict (I beat the verdict!)"", ""I'mma kick it in overdrive, for Seth Firkins (Yeah, yuh!)"", ""My diamonds certified, my trigger working (Yeah, yuh!)"", ""Got it out the mud, baby, that's why my cups dirty"", ""Yeah, yuh"", ""[Chorus]"", ""And everything I do for my gang gang (My gang gang!)"", ""Even though I made it on the Forbes', ain't a thing changed (Ain't a thing changed!)"", ""I got more money than I ever had, I can take some more pain (More!)"", ""You got booked for a controlled substance, I want more drank (Yeah!)"", ""It's like a funeral when they see me, 'cause these hoes faint (Yeah!)"", ""I done got used to dead homies, I stay in the bank"", ""(Yeah!)"", ""Ain't got one more tear to shed on me, all my son's straight (Yeah!)"", ""I put Casino in my will, nigga, I'm a die with this cake (Freebandz!)"", ""[Verse 2]"", ""I take the plastic off the seal a trillion miles away"", ""(Yeah!)"", ""I know every nigga with my gone kill, so I stay out the way (Gang!)"", ""I ain't gotta walk around with my steel 'cause the streets made me"", ""I still keep a chopper at arm's reach, 'cause I stay faded"", ""(Yeah!)"", ""Them percocets got my homie arm itching, I'ma still take 'em (Oh yeah!)"", ""I can finesse him without pulling out my gun, how he gone still hate me?"", ""I'm a nine figure nigga, we ain't never worried about murder cases"", ""(Murder!)"", ""My Slime nigga, I'ma buy 'em a Bugatti on your birthday (Slatt!)"", ""Every time we plead, we plead not guilty in the first place"", ""(On God!)"", ""I look my demon in the face, I'm booted up the worst way"", ""She want my semen, so she can run with it and take it to the bank"", ""(Yeah!)"", ""I can't grieve, 'cause ain't none of my Grandma bills late (On gang!)"", ""I bought my Mom a mansion and it came with a lake"", ""I'm so real, my day ones got every code to my safe (Oh yeah!)"", ""I told all my ex hoes, \""can't nobody take my place\"" (No!)"", ""I know I'm a rock star and that's on everything"", ""[Chorus]"", ""And everything I do for my gang gang (My gang gang!)"", ""Even though I made it on the Forbes', ain't a thing changed (Ain't a thing changed!)"", ""I got more money than I ever had, I can take some more pain (More!)"", ""You got booked for a controlled substance, I want more drank (Yeah!)"", ""It's like a funeral when they see me, 'cause these hoes faint (Yeah!)"", ""I done got used to dead homies, I stay in the bank (Yeah!)"", ""Ain't got one more tear to shed on me, all my son's straight (Yeah!)"", ""I put Casino in my will, nigga, I'm a die with this cake (Freebandz!)""]",en,2197,False,,2017-10-20,3280994,"[""Epic Records"", ""Atlanta"", ""Trap"", ""Rap""]",4 da Gang,4 da Gang,https://genius.com/Future-4-da-gang-lyrics
13,https://genius.com/albums/Future/Dirty-sprite,"('Dirty Sprite',)",,,/songs/34337?_type=artist&api_path=%2Fartists%2F34337&header_image_url=https%3A%2F%2Fassets.genius.com%2Fimages%2Fdefault_avatar_300.png%3F1525812922&image_url=https%3A%2F%2Fassets.genius.com%2Fimages%2Fdefault_avatar_300.png%3F1525812922&index_character=j&name=Jon+Boii+Beatz&slug=Jon-boii-beatz&url=https%3A%2F%2Fgenius.com%2Fartists%2FJon-boii-beatz,"('Jon Boii Beatz',)",Future,https://genius.com/artists/Future,[],"[""[Intro]"", ""Announcements in apartments balling in the park"", ""Ballers in the club who be balling after dark"", ""For them project kids who jerseys living large"", ""I gotta represent for my people"", ""Even when your down when you on the ground"", ""Gotta walk around with a smile"", ""Gotta represent for your people"", ""Gotta represent for my people"", ""TOSH"", ""[Hook]"", ""All I know is hustle, grindin' , muscle shinin'"", ""So I ain't going home tonight"", ""This for my own struggle making"", ""Tussle just facing this what I call a hell of a life"", ""[Verse 1]"", ""A whole dollar worth of pennies cased up its a Penelope"", ""Its sad to say my favorite auntie is a crack smoke"", ""But I would serve it to her now I'm tryna shake off for it"", ""I been a star to her rappin' a Celia"", ""I'mma set the record straight I promise we gone be ok"", ""My auntie brinda use to bring me mad customers my people"", ""Had my back no matter what I gotta fuck with them"", ""My nigga quin we might as well be blood brothers"", ""Swear to GOD I ain't lyin I love you just like my blood brother"", ""I know you feel the same way on the GOD who judges us"", ""Hit me with a text up online got my songs money can't buy"", ""A real friends just wanna see you wrong come on"", ""TOSH"", ""[Hook]"", ""All I know is hustle, grindin' ,muscle shinin'"", ""So I ain't going home tonight"", ""This for my own struggle making"", ""Tussle just facing this what I call a hell of a life"", ""[Verse 2]"", ""Whatever girls do dont just show it at them"", ""Everytime im bout to leave thats when my girl start fussin"", ""So just give most of my time to her for her"", ""I wanna be able to buy her some chillings and furs"", ""I wanna be everything that your heart deserves"", ""I need to get rich my grandma getting old and her"", ""To see my old lady in pain I know her bones aching"", ""I pray is meant for you to see your grandson make it"", ""Marc told me I was destined for greatness"", ""I took a negative and made a great situation"", ""Im great at turning nothing to some you better act like"", ""And even when you hungry"", ""TOSH"", ""[Hook]"", ""All I know is hustle, grindin' , muscle shinin'"", ""So I ain't going home tonight"", ""This for my own struggle making"", ""Tussle just facing this what I call a hell of a life"", ""[Verse 3]"", ""I put my hoodie on my head when I'm in the vocal booth"", ""I scream lil mexico my real people holl it out to"", ""I heard some dudes actin funny cause the kid gettin money"", ""But I'm makin more for the same dudes that sound funny"", ""I make my hood official true story I did it"", ""We get respected in the streets like the mafia"", ""Young future in the cut with tilapia"", ""The feeling that you get to know your real niggas proud of ya"", ""They know we hit them licks in the todium the pass for me"", ""Spit that dog food on wax all they ask for me"", ""I can barely breath"", ""When I was writing this I bet I go extra hard after reciting this"", ""TOSH"", ""[Hook]"", ""All I know is hustle, grindin' , muscle shinin'"", ""So I ain't going home tonight"", ""This for my own struggle making"", ""Tussle just facing this what I call a hell of a life""]",en,2197,False,,2011-01-11,70548,"[""Rap""]",4 My People,4 My People,https://genius.com/Future-4-my-people-lyrics
14,https://genius.com/albums/Hoodrich-clikk/All-in,"('All In',)",/songs/1058532?_type=artist&api_path=%2Fartists%2F1058532&header_image_url=https%3A%2F%2Fassets.genius.com%2Fimages%2Fdefault_avatar_300.png%3F1525812922&image_url=https%3A%2F%2Fassets.genius.com%2Fimages%2Fdefault_avatar_300.png%3F1525812922&index_character=h&name=HoodRich+Clikk&slug=Hoodrich-clikk&url=https%3A%2F%2Fgenius.com%2Fartists%2FHoodrich-clikk,"('HoodRich Clikk',)",/songs/1411174?_type=artist&api_path=%2Fartists%2F1411174&header_image_url=https%3A%2F%2Fassets.genius.com%2Fimages%2Fdefault_avatar_300.png%3F1525812922&image_url=https%3A%2F%2Fassets.genius.com%2Fimages%2Fdefault_avatar_300.png%3F1525812922&index_character=c&name=Cool+Aid&slug=Cool-aid&url=https%3A%2F%2Fgenius.com%2Fartists%2FCool-aid,"('Cool Aid',)",Future,https://genius.com/artists/Future,"[1411175, 1058532]","[""[116 Shawty]:"", ""Got racks on racks""]",sco,2197,False,,2011-12-03,2233873,"[""Rap""]",4 Real (Feat. Hood Rich Clikk),4 Real (Feat. Hood Rich Clikk) (Ft. Dunte & HoodRich Clikk),https://genius.com/Future-4-real-feat-hood-rich-clikk-lyrics
15,https://genius.com/albums/Future/56-nights,"('56 Nights',)",,,/songs/23315?_type=artist&api_path=%2Fartists%2F23315&header_image_url=https%3A%2F%2Fimages.genius.com%2F9cf1c40d49b01abdea2d26d74afcfe67.674x960x1.jpg&image_url=https%3A%2F%2Fimages.genius.com%2F4a110ffd7ba648b2d1aef89a0ad7f82e.420x420x1.jpg&index_character=s&iq=100&is_verified=true&name=Southside&slug=Southside&url=https%3A%2F%2Fgenius.com%2Fartists%2FSouthside,"('Southside',)",Future,https://genius.com/artists/Future,[],"[""[Intro]"", ""Waking up fresh, that's Kodak"", ""Killing these niggas, you know that"", ""Real street nigga, you know that"", ""Real street nigga, you know that"", ""[Hook]"", ""I think 56 nights crazy"", ""I think 56 nights crazy"", ""I think me and Esco crazy"", ""I think me and Young Sco' crazy"", ""I did 56 broads on the European tour and they was all crazy"", ""I did 56 broads on the European tour and they was all crazy"", ""I took 56 bars all in one month nigga and I'm still dranking"", ""I could still see the scar on a nigga hand man shit real crazy"", ""I been taking these molly's, still nodding off cause a nigga too faded"", ""I've been laying low key inside a nigga vault, money is my motivation"", ""[Verse 1]"", ""Money keep a nigga motivated"", ""Molly keep a nigga motivated"", ""Percocet keep em motivated"", ""Good drank keep a nigga motivated"", ""Lortabs on my conversation"", ""Talk a lot of bands then we conversatin'"", ""I was on my way to Rice Street in the paddie wagon and it had me numb"", ""The pain from the slum had me numb"", ""Tryna sell some dope and eat caviar"", ""Got the passport in Saudi Arabia"", ""We've been flossing in medallions"", ""We ain't nothing but some Talibans"", ""I pull up right now and embarrass ya"", ""I've just been hanging with savages"", ""Lately I've been hanging around with my savages"", ""I grew up on the block, 1 hunnid"", ""I go on The Bluff it's 1 hunnid"", ""I done did enough in the jungle"", ""I done put in some work and they love me"", ""When I drink out the cup, it's so dirty"", ""Had the blow at the store, they was lurking"", ""Poured a 4 in a cup it was breakfast, sprinkled sauce in my drink and I took it"", ""[Hook]"", ""I think 56 nights crazy"", ""I think 56 nights crazy"", ""I think me and Esco crazy"", ""I think me and Young Sco' crazy"", ""I did 56 broads on the European tour and they was all crazy"", ""I did 56 broads on the European tour and they was all crazy"", ""I took 56 bars all in one month nigga and I'm still dranking"", ""I could still see the scar on a nigga hand man shit real crazy"", ""I been taking these molly's, still nodding off cause a nigga too faded"", ""I've been laying low key inside a nigga vault, money is my motivation"", ""[Verse 2]"", ""Promethazine took my concentration"", ""To another level then I elevated"", ""Diamonds hanging on me I'm intoxicated"", ""Diamonds hanging off me I'm intoxicated"", ""Chop it up with a sack chaser"", ""Told you I wasn't going back, baby"", ""Hanging out with some crack babies"", ""Fell in love with this cash baby"", ""Money touch a niggas hands, on a few Xans might won't count it"", ""Spend it all in one night, if we could rewind it, we'll still do it"", ""I'm true to this game"", ""I jump on a plane"", ""And run to the stage"", ""I've been working some years for this"", ""Making music, I live for this"", ""Hit the trap in my Louboutins"", ""Count it up then I bag up a brick"", ""Mount it up then I smash out in it"", ""You know I'm gon' do the whole dash in this motherfucker"", ""I'm bout to pass out in this motherfucker"", ""I'm bout to pass out in this motherfucker"", ""This bitch exotic than a motherfucker"", ""These bitches  do anything for me"", ""[Hook]"", ""I think 56 nights crazy"", ""I think 56 nights crazy"", ""I think me and Esco crazy"", ""I think me and Young Sco' crazy"", ""I did 56 broads on the European tour and they was all crazy"", ""I did 56 broads on the European tour and they was all crazy"", ""I took 56 bars all in one month nigga and I'm still dranking"", ""I could still see the scar on a nigga hand man shit real crazy"", ""I been taking these molly's, still nodding off cause a nigga too faded"", ""I've been laying low key inside a nigga vault, money is my motivation""]",en,2197,False,,2015-03-21,729245,"[""Trap"", ""Atlanta"", ""Rap""]",56 Nights,56 Nights,https://genius.com/Future-56-nights-lyrics
16,https://genius.com/albums/Future/56-nights,"('56 Nights',)",,,/songs/27506?_type=artist&api_path=%2Fartists%2F27506&header_image_url=https%3A%2F%2Fimages.genius.com%2F8abc480b58d91d02d7ed887b187f0916.500x500x1.jpg&image_url=https%3A%2F%2Fimages.genius.com%2F8abc480b58d91d02d7ed887b187f0916.500x500x1.jpg&index_character=0&name=808+Mafia&slug=808-mafia&url=https%3A%2F%2Fgenius.com%2Fartists%2F808-mafia,"('808 Mafia',)",Future,https://genius.com/artists/Future,[],"[""Album Art:"", ""Track List:"", ""1."", ""Free At Last"", ""(Prod. By Southside)"", ""2."", ""Never Gon Lose"", ""(Prod. By Southside)"", ""3."", ""Purple Coming In"", ""(Prod. By Southside)"", ""4."", ""Diamonds From Africa"", ""(Prod. By Southside)"", ""5."", ""Now"", ""(Prod. By Southside)"", ""6."", ""No Compadre"", ""(Prod. By Southside)"", ""7."", ""March Madness"", ""(Prod. By Tarentino)"", ""8."", ""Trap Niggas"", ""(Prod. By Southside)"", ""9."", ""Da Fam On Da Gram Skit"", ""10."", ""56 Nights"", ""(Prod. By Southside)""]",en,2197,False,,2015-03-31,728783,"[""Art Genius"", ""Atlanta"", ""Trap"", ""Non-Music"", ""Tracklist + Album Art"", ""Rap""]",56 Nights [Album Art + Tracklist],56 Nights [Album Art + Tracklist],https://genius.com/Future-56-nights-album-art-tracklist-annotated
17,,,,,/songs/27468?_type=artist&api_path=%2Fartists%2F27468&header_image_url=https%3A%2F%2Fimages.genius.com%2F1f9d0d743a83d3f720c78be84798e7b9.1000x1000x1.png&image_url=https%3A%2F%2Fimages.genius.com%2F892330e720ff69d19d64cc9960ba8538.600x600x1.jpg&index_character=t&name=Tarentino&slug=Tarentino&url=https%3A%2F%2Fgenius.com%2Fartists%2FTarentino,"('Tarentino',)",Future,https://genius.com/artists/Future,[],"[""[Intro]"", ""I'm gettin' some throat in a foreign"", ""Take me way, way out"", ""[Chorus]"", ""I'm gettin' some throat in a foreign"", ""Take me way, way out"", ""I was just goin' on a run"", ""Goin' way, way out"", ""I paid these dues with my sons"", ""Moved 'em way, way out"", ""Took the detour, made 'em reroute"", ""Ground it up, we don't take a day off"", ""I stack it up, I don't take a day off"", ""Hit the winning shot, got us in the playoffs"", ""I never switched, I knew it'd pay off"", ""I'm absolutely goin' brazy"", ""[Verse 1]"", ""Fuck poppin' trunk lay the chopper, right on your lap"", ""Fuck all these comments, I was just sellin' crack"", ""I blame the streets for the way I was raised"", ""I cannot sleep with these demons behind me"", ""'Xans, they takin' over all your thoughts"", ""If you get in the way of my plans, I'ma knock you out"", ""I laced my Sunkist with Molly"", ""I fucked that bitch, she in college"", ""I gave her game and bags"", ""Put that world on her tongue, she a swallower"", ""[Bridge]"", ""I got the power of my dollar"", ""You know the power of a dollar"", ""Do you know the power of a dollar?"", ""I know the power of a dollar"", ""(I know the power of a dollar)"", ""[Chorus]"", ""I'm gettin' some throat in a foreign"", ""Take me way, way out"", ""I was just goin' on a run"", ""Goin' way, way out"", ""I paid these dues with my sons"", ""Moved 'em way, way out"", ""Took the detour, made 'em reroute"", ""Ground it up, we don't take a day out"", ""I stack it up, I don't take a day off"", ""Hit the winning shot, got us in the playoffs"", ""I never switched, I knew it'd pay off"", ""I'm absolutely goin' brazy"", ""[Verse 2]"", ""I'm absolutely goin' brazy"", ""They try to stop me, I ain't hesitatin' (don't stop)"", ""Unwrap the bag and take this medication"", ""I crumple herb on the application"", ""I put a circuit in Kate like a waitress"", ""She gave me somethin', that's one hell of a facial"", ""I wasn't nervous, I hold it an' sprayed it"", ""I know you bogus, I seen this for days (I know you bogus, fuck)"", ""I'm absolutely gettin' revenge, I absolutely gotta win (yeah)"", ""I'm comin' through in the clutch (yeah)"", ""Burn the money up like a Dutch (Dutch)"", ""VVSs, no cut (woo)"", ""These Gucci flops like chucks (Gucci)"", ""Got that throat from a slut (who?)"", ""Best feelin' in the world (best feelin')"", ""When you come through the hood"", ""Ridin' in a foreign and you got your new girl (whoa)"", ""While you pourin' on syrup"", ""[Chorus]"", ""I'm gettin' some throat in a foreign"", ""Take me way, way out"", ""I was just goin' on a run"", ""Goin' way, way out"", ""I paid these dues with my sons"", ""Moved 'em way, way out"", ""Took the detour, made 'em reroute"", ""Ground it up, we don't take a day out"", ""I stack it up, I don't take a day off"", ""Hit the winning shot, got us in the playoffs"", ""I never switched, I knew it'd pay off"", ""I'm absolutely goin' brazy""]",en,2197,False,,2018-03-28,3597679,"[""Unreleased"", ""Atlanta"", ""Rap""]",Absolutely Going Brazy,Absolutely Going Brazy,https://genius.com/Future-absolutely-going-brazy-lyrics
18,https://genius.com/albums/Future/Astronaut-status,"('Astronaut Status',)",/songs/28700?_type=artist&api_path=%2Fartists%2F28700&header_image_url=https%3A%2F%2Fimages.genius.com%2Fa7e1c5ec261daa8beae4b91b4dd2acec.450x450x1.jpg&image_url=https%3A%2F%2Fimages.genius.com%2Fa7e1c5ec261daa8beae4b91b4dd2acec.450x450x1.jpg&index_character=d&name=DJ+X-Rated&slug=Dj-x-rated&url=https%3A%2F%2Fgenius.com%2Fartists%2FDj-x-rated,"('DJ X-Rated',)",,,Future,https://genius.com/artists/Future,[28700],"[""Abu, it\u2019s your boy!"", ""Oh, DJ X-Rated!"", ""Hey man I know you done re-ed up on the sprites already"", ""I have two cases in the bag already dirty"", ""Good, you need to go get those"", ""Cause every time a freeband gang come in here"", ""You know we got to turn up"", ""Hm? turn up?"", ""Man astronaut status man, turn up"", ""Turnip greens aisle five on the left you know that"", ""Man I-"", ""What the fuck?"", ""Turnip green?"", ""Man I\u2019m not talking about no motherfucking turnip green!"", ""I\u2019m talking about turn up man!"", ""Turn up?"", ""Turn up, turn up?""]",en,2197,False,,,200389,"[""Atlanta"", ""Rap""]",Abu Intro Turn Up,Abu Intro Turn Up (Ft. DJ X-Rated),https://genius.com/Future-abu-intro-turn-up-lyrics
